ID;model_name;layers;n_layers;loss;mse;mae;rmse;r2
1;multibranch_model;[50, 50];[1, 1];0.0138877768289787;0.0138874799013137;0.0833596885204315;0.1178451522181281;0.59159255027771
2;lstm_model;50;1;0.0136801275943093;0.0136799244210124;0.0829285308718681;0.1169612090439065;0.5976570248603821
3;gru_model;50;1;0.014067946196941;0.014067530632019;0.0843802392482757;0.1186066213666802;0.5862897634506226
4;multibranch_model;[50, 50];[1, 1];0.0137798297990026;0.0137794399634003;0.08321563154459;0.1173858592991522;0.5947696566581726
5;lstm_model;100;1;0.0135568073343105;0.0135564384981989;0.0825221687555313;0.1164321197015625;0.6013273596763611
6;gru_model;100;1;0.012593179888095387;0.012592854909598827;0.07934001833200455;0.1122178903276961;0.629666268825531
