loss,mse,mae,rmse,r2,model_name
0.013887776828978704,0.013887479901313782,0.08335968852043152,0.1178451522181281,0.59159255027771,multibranch_model
0.013680127594309357,0.013679924421012402,0.08292853087186813,0.11696120904390653,0.5976570248603821,lstm_model
0.014067946196941055,0.014067530632019043,0.08438023924827576,0.11860662136668021,0.5862897634506226,gru_model
