ID;model_name;layers;n_layers;loss;mse;mae;rmse;r2
1;multibranch_model;[50, 50];[1, 1];0.013887776828978704;0.013887479901313782;0.08335968852043152;0.1178451522181281;0.59159255027771
2;lstm_model;50;1;0.013680127594309357;0.013679924421012402;0.08292853087186813;0.11696120904390653;0.5976570248603821
3;gru_model;50;1;0.014067946196941055;0.014067530632019043;0.08438023924827576;0.11860662136668021;0.5862897634506226
